"groups","FSC","percent"
1,FALSE,18.0428134556575
1,TRUE,15
2,FALSE,35
2,TRUE,26.6666666666667
3,FALSE,25.4854368932039
3,TRUE,29.2452830188679
4,FALSE,32.7777777777778
4,TRUE,37.6068376068376
